"variable","HR_CI","p_value","significant","term","estimate","std.error","statistic","p.value","conf.low","conf.high"
"lactate","1.04 (1.00-1.08)","0.048","*","lactate",1.03983225262927,0.0197156126639882,1.98114079743094,0.0475754862071762,1.00041760101145,1.08079977053071
"apsiii","1.01 (1.00-1.02)","0.001","*","apsiii",1.01187121074053,0.00367455146830538,3.21163025051008,0.00131984125253101,1.00460990518547,1.01918500090489
"has_vaso","1.87 (1.28-2.72)","0.001","*","has_vaso",1.86646576437255,0.192344783686481,3.24441695319938,0.00117691330524096,1.28025314564432,2.72109813705754
"antibiotic_timing_24h","0.71 (0.51-0.98)","0.037","*","antibiotic_timing_24h>24小时",0.705796259809163,0.167453995839582,-2.08074262563865,0.0374574702344172,0.508325917169538,0.979978284669008
"vaso_timing_relative_to_crystal","1.91 (1.09-3.34)","0.024","*","vaso_timing_relative_to_crystalvaso_after_24h_after_crystal",1.90890835789188,0.285545445520619,2.26419839096909,0.0235619155123971,1.09075787099482,3.34073327887706
"vaso_timing_relative_to_crystal","1.84 (1.17-2.90)","0.008","*","vaso_timing_relative_to_crystalvaso_within_24h_after_crystal",1.8415523129166,0.231263493866528,2.64031669705,0.00828285858338836,1.1703943524039,2.89758312165722
"group2","1.88 (1.23-2.86)","0.003","*","group2Late_combination",1.87615873010226,0.215290248453208,2.92268907883304,0.00347022851972308,1.23030895988736,2.86104685514213
