"variable","HR_CI","p_value","significant","term","estimate","std.error","statistic","p.value","conf.low","conf.high"
"chronic_renal_disease","1.66 (1.06-2.59)","0.026","*","chronic_renal_disease",1.65971889061128,0.227180917837655,2.23015317415482,0.025737275712307,1.06330483633704,2.59066516178128
"apsiii","1.01 (1.00-1.02)","0.016","*","apsiii",1.01244610225417,0.00515175292966684,2.40098591857452,0.0163509656922455,1.00227461907047,1.02272080971212
"has_vaso","1.78 (1.09-2.88)","0.020","*","has_vaso",1.77642895036153,0.247034180890462,2.32601472168945,0.0200177653307882,1.09464164407021,2.88286110141829
"vaso_timing_relative_to_crystal","3.24 (1.52-6.87)","0.002","*","vaso_timing_relative_to_crystalvaso_after_24h_after_crystal",3.23614208655073,0.384200394666561,3.05669104617325,0.00223794814607815,1.5240373577464,6.871626572088
"group2","2.34 (1.41-3.88)","<0.001","*","group2Late_combination",2.34109828317312,0.257730113762942,3.30042989009927,0.000965368304174799,1.41266562010302,3.879715831887
